<?xml version="1.0" encoding="UTF-8"?>
<project-private xmlns="http://www.netbeans.org/ns/project-private/1">
    <editor-bookmarks xmlns="http://www.netbeans.org/ns/editor-bookmarks/2" lastBookmarkId="1">
        <file>
            <url>src/taller/pkg4/punto/pkg7/Taller4Punto7.java</url>
            <bookmark id="1">
                <name/>
                <line>33</line>
                <key/>
            </bookmark>
        </file>
    </editor-bookmarks>
    <open-files xmlns="http://www.netbeans.org/ns/projectui-open-files/2">
        <group>
            <file>file:/C:/Users/LEONARDO%20ACUÑA/Documents/NetBeansProjects/taller%204%20punto%207/src/vista/principal.java</file>
            <file>file:/C:/Users/LEONARDO%20ACUÑA/Documents/NetBeansProjects/taller%204%20punto%207/src/modelo/Libro.java</file>
        </group>
    </open-files>
</project-private>
